rot,action,situation,ssl_domain,agreement_condition,rot-agree,action-moral-judgment,agreement_label,area
It's wrong to not have someone in life to teach how things really work.,not having someone in your life that can teach you how things really work,"When I was a kid, I thought that traffic lights were controlled by workers that would sit inside the actual pole that holds the traffic lights.",moral,low_agreement,1.0,-1.0,5-25%,confessions
It's okay to use your body to make a living.,using your body to make a living.,I used to be a webcam model,moral,low_agreement,1.0,-1.0,5-25%,confessions
It's wrong to date someone that isn't ready for marriage.,dating someone that isn't ready for marriage.,not being ready for marriage,moral,low_agreement,1.0,-1.0,5-25%,amitheasshole
It's wrong to watch rated R movies if you're underage.,watching rated R movies if you're underage.,i'm going to watch IT 2 by myself on Monday.,moral,low_agreement,1.0,0.0,5-25%,confessions
Parents should involve children in their problems,involving your children in your problems,I'm so tired of paying for my parents failed relationship,moral,low_agreement,1.0,0.0,5-25%,confessions
It's wrong to buy thongs just to make fun of them.,buying thongs just to make fun of them.,currently at a mall and saw these men thongs I am compelled to buy them for fun,moral,low_agreement,0.0,-1.0,<1%,confessions
It's fine to hook up with anyone you find attractive.,hooking up with anyone you find attractive.,I accidentally met with someone I know on Grindr after being dumped by my girlfriend,moral,low_agreement,1.0,0.0,5-25%,confessions
It's wrong to step on legos.,stepping on legos.,Stepping on legos doesnt hurt me at all and i feel like I'm missing out.,moral,low_agreement,0.0,-1.0,<1%,confessions
It's wrong to relay a message you have taken for another person.,relaying a message you have taken for another person.,forgetting to tell my dad his family tried to contact him,moral,low_agreement,0.0,-1.0,<1%,amitheasshole
You shouldn't tell your kids what to do.,telling your kids what to do.,getting mad at my mom for not letting me spend the weekend with my gf,moral,low_agreement,1.0,-1.0,5-25%,amitheasshole
It's expected you get into a fight if you're being racist around people,getting into a fight if you're being racist around people,I say the N-word without the N-pass,moral,low_agreement,1.0,-1.0,5-25%,confessions
It's selfish to expect your husband to give you his entire estate.,expecting your husband to give you his entire estate.,Bride Planning for Her Future Wants All of Husband's Estate,moral,low_agreement,1.0,-1.0,5-25%,dearabby
You shouldn't tell your children what to do.,telling your children what to do.,not wanting my daughter to spend time with my in-laws,moral,low_agreement,0.0,-1.0,<1%,amitheasshole
It's wrong to have fantasies about dating autistic people.,having fantasies about dating autistic people.,"a celebrity i admire says she has asperger's. and because of that, i check out youtube vids on autism in women and secretly imagine dating them.",moral,low_agreement,0.0,-1.0,<1%,confessions
It's okay to be in an open marriage.,being in an open marriage.,My husband and I opened our marriage last Thursday and today I got laid with another man,moral,low_agreement,1.0,-2.0,5-25%,confessions
It is ok to have an affair with someone if you want to.,having an affair with someone if you want to.,breaking up a couple because of an Affair,moral,low_agreement,1.0,-2.0,5-25%,amitheasshole
It is acceptable to hate younger members of your family.,hating younger members of your family.,I Hate My Little Cousins,moral,low_agreement,0.0,0.0,<1%,confessions
It's wrong to laugh at the things other people say.,laughing at the things other people say,Sometimes I like to go on aita and sort the comments by controversial and have myself a good laugh.,moral,low_agreement,1.0,-1.0,5-25%,confessions
You shouldn't call the cops on people who park illegally.,calling the cops on people who park illegally.,calling the cops on a gas car in an electric charging spot,moral,low_agreement,1.0,-1.0,5-25%,amitheasshole
People should be pure until they get married.,being pure until you get married.,I sometimes dream about having a wholesome girlfriend.,moral,low_agreement,1.0,0.0,5-25%,confessions
It's wrong to talk to your friends about sensitive topics.,talking to your friends about sensitive topics,"saying ""I believe every woman should have the right to abortion but I would rather have a vasectomy than have my partner to abort my child unless there's danger to the mother's health"" when my friend asked my stance on abortion",moral,low_agreement,1.0,-1.0,5-25%,amitheasshole
It is selfish to not want a family.,not wanting a family.,not even bothering to entertain the idea of having kids,moral,low_agreement,1.0,-1.0,5-25%,amitheasshole
It is irresponsible to quit a job.,quitting a job.,wanting to quit my job because I find my boss narcissistic & arrogant,moral,low_agreement,1.0,-1.0,5-25%,amitheasshole
It's okay to raise your tenants' rent.,raising your tenants' rent.,"I raised rent on my tenants before leaving the country, without them knowing.",moral,low_agreement,1.0,0.0,5-25%,confessions
It's wrong to kiss a lesbian if you're not a lesbian.,kissing a lesbian when you're not a lesbian.,kissing a lesbian,moral,low_agreement,1.0,-1.0,5-25%,amitheasshole
It's okay to be an atheist.,being an atheist.,I'm an atheist but I'm obsessed with churches,moral,low_agreement,1.0,0.0,5-25%,confessions
It's wrong to delete your confessions.,deleting your confessions.,am going to delete after i post it i just want to get this out,moral,low_agreement,1.0,-1.0,5-25%,confessions
It's wrong to think you're responsible for somebody else's life,thinking you're responsible for somebody else's life,I hate myself because I couldn't save my mother,moral,low_agreement,1.0,-2.0,5-25%,confessions
It's okay to think people should waste resources when others could use them.,thinking people should waste resources when others could use them.,believing people shouldn't use the elavator for only 1 floor,moral,low_agreement,1.0,0.0,5-25%,amitheasshole
You shouldn't avoid paying something because of a clerical mistake.,avoiding paying something because of a clerical mistake.,disputing rather than paying a debt over a clerical mistake,moral,low_agreement,0.0,-1.0,<1%,amitheasshole
It's wrong to be angry with a partner.,being angry with a partner.,getting frustrated at my boyfriend for not giving me attention,moral,low_agreement,1.0,-1.0,5-25%,amitheasshole
You shouldn't pick up your partner in a dangerous neighborhood.,picking up your partner in a dangerous neighborhood.,Im sitting in a dangerous neighborhood right now waiting for my girlfriend to show up,moral,low_agreement,0.0,-2.0,<1%,confessions
You can't expect your kids to be there for you during surgery.,expecting your kids to be there for you during surgery.,not being at the hospital for my dad the moment of heart surgery,moral,low_agreement,1.0,-1.0,5-25%,amitheasshole
It's understandable if you use a customer's deposit to pay your shareholders' dividends.,using a customer's deposit to pay your shareholders' dividends.,Couple's Return of Deposit Pays Dividends to Others,moral,low_agreement,1.0,0.0,5-25%,dearabby
It's kind to forgive people for rioting.,forgiving people for rioting,I proudly wear the badge of fascism that the western world has put on me as an officer of the Hong Kong Police Force. I forgive the rioters.,moral,low_agreement,0.0,0.0,<1%,confessions
Admitting you do not know someones name is rude.,Admitting you do not know someones name,He admitted he did not remember her name.,moral,low_agreement,1.0,-1.0,5-25%,rocstories
It's understandable to be desperate enough to seek out organs on the black market.,being desperate enough to seek out organs on the black market.,I Sell The Organs Of People I Operate On,moral,low_agreement,0.0,0.0,<1%,confessions
It's wrong to do something only because it benefits you.,doing something only because it benefits you.,telling my mom she only believes in God bc it benefits her,moral,low_agreement,0.0,-1.0,<1%,amitheasshole
It's okay to support bullying.,supporting bullying.,Bullying is a great thing,moral,low_agreement,1.0,-1.0,5-25%,confessions
It's wrong to have a friend with benefits.,having a friend with benefits.,not using a condom for the first 10 seconds with my friend with benefits,moral,low_agreement,1.0,-1.0,5-25%,amitheasshole
It's not okay to argue with your family.,arguing with your family.,Divided Family Shakes Girl's Trust In Caregivers,moral,medium_agreement,2.0,-1.0,50%,dearabby
It's not okay to considers an opinion invalid.,considering an opinion invalid.,Dumb opinion on music,moral,medium_agreement,2.0,-1.0,50%,confessions
People sometimes enjoy getting revenge on their supervisors.,getting revenge on supervisors.,ratting out my supervisor,moral,medium_agreement,2.0,-1.0,50%,amitheasshole
You should lose it on people who hurt their kids.,losing it on people who hurt their kids.,I saw this guy hold a toddler by the arm and drag her across the floor and I lost it...,moral,medium_agreement,2.0,0.0,50%,confessions
You should be willing to help someone who is having mental problems.,helping someone who is having mental problems.,dumping a mentally ill girl,moral,medium_agreement,2.0,2.0,50%,amitheasshole
You should trust your partner's friends.,Trusting your partner's friends.,wanting to remain friends with a female friend that my GF does not trust,moral,medium_agreement,2.0,1.0,50%,amitheasshole
People might think you're a perv if you're into really older people.,thinking you're a perv when you're into really older people.,I like older guys,moral,medium_agreement,2.0,0.0,50%,confessions
It is unacceptable to make generalized statements about overweight people.,making generalized statements about overweight people.,Chubby guys cuddle better,moral,medium_agreement,2.0,-1.0,50%,confessions
It's wrong to do things for selfish reasons.,doing things for selfish reasons.,Please leave comments on my post so that I can get a dose of dopamine.,moral,medium_agreement,2.0,-1.0,50%,confessions
It's wrong to smoke weed.,smoking weed.,telling my gf to stop smoking weed,moral,medium_agreement,2.0,-1.0,50%,amitheasshole
You should apologize to your kids when your sins hurt them.,apologizing to your kids when your sins hurt them.,Sins of Thy Father,moral,medium_agreement,2.0,0.0,50%,confessions
It's reasonable to have to ditch a friend.,having to ditch a friend.,ditching my friend,moral,medium_agreement,2.0,-1.0,50%,amitheasshole
It's good to get back at a cheating partner.,getting back at a cheating partner.,Wife's Payback for Cheating Husband Isn't Worth the Price,moral,medium_agreement,2.0,0.0,50%,dearabby
It's good to get revenge on people who bullied you.,getting revenge on people who bullied you.,I made various troll instagram accounts to trash talk the girl who bullied me on high school,moral,medium_agreement,2.0,0.0,50%,confessions
It's good to get as much as you can out of your employer,getting as much as you can out of your employer,I don't pay for water at work,moral,medium_agreement,2.0,0.0,50%,confessions
It's okay to be uncomfortable with your partner's behavior.,being uncomfortable with your partner's behavior.,being uncomfortable with my girlfriend hanging out with a guy friend she used to have a thing with,moral,medium_agreement,2.0,0.0,50%,amitheasshole
It is rude to call the cops on someone you know.,calling the cops on someone you know.,wanting to call the cops on my gfs brother for drunk driving,moral,medium_agreement,2.0,-1.0,50%,amitheasshole
It's wrong to judge others for their mistakes.,judging others for their mistakes.,I can't sleep anymore because I'm a bad person,moral,medium_agreement,2.0,-1.0,50%,confessions
It's wrong to discriminate against people of certain religions.,discriminating against people of certain religions.,I hate that my best friend is a Christian.,moral,medium_agreement,2.0,-1.0,50%,confessions
It is rude to contradict yourself after saying something kind.,contradicting yourself after saying something kind.,"I love my wife more than anything on earth, but...",moral,medium_agreement,2.0,-1.0,50%,confessions
You shouldn't keep a package that was refunded.,keeping a package that was refunded.,keeping a parcel that was actually refunded,moral,medium_agreement,2.0,-1.0,50%,amitheasshole
It is mean to refuse your homeless friend a place to stay.,refusing your homeless friend a place to stay.,not letting homeless friend stay over anymore,moral,medium_agreement,2.0,-1.0,50%,amitheasshole
It's wrong to make your significant other pay for your things.,making your significant other pay for your things.,expecting my boyfriend to fix or replace a piece of furniture that he broke out of anger,moral,medium_agreement,2.0,-1.0,50%,amitheasshole
You can't expect someone to pay off their loans immediately.,paying off loans immediately,"expecting my girlfriend to pay the debt she has accumulated with payday loans immidiately instead of their ""usual monthly payments""",moral,medium_agreement,2.0,0.0,50%,amitheasshole
It's okay to drink responsibly.,drinking responsibly.,He decided to end his day with a visit to the bar.,moral,medium_agreement,2.0,0.0,50%,rocstories
It's good to support your family when they are trying for a baby.,supporting your family when they are trying for a baby.,thinking my cousin is selfish for trying for a baby,moral,medium_agreement,2.0,1.0,50%,amitheasshole
People should strive to reconnect with the people in their lives instead of letting their friendships wither and die.,striving to reconnect with the people in your life,My friend doesn't feel like a friend anymore,moral,medium_agreement,2.0,0.0,50%,confessions
It is okay to make people aware when they say something offensive,making people aware when they say something offensive,saying that my friends comment about me was heterophobic,moral,medium_agreement,2.0,0.0,50%,amitheasshole
People are expected to boycott companies who make social choices they don't agree with.,people boycotting companies who make social choices they don't agree with.,eating Chick-fil-a despite being supportive of the LGBT+ community,moral,medium_agreement,2.0,0.0,50%,amitheasshole
It is smart to teach your children martial arts for protection.,teaching your children martial arts for protection,One day his mom enrolled him in Kendo.,moral,medium_agreement,2.0,0.0,50%,rocstories
You shouldn't have noisy wind chimes outside.,having noisy wind chimes outside.,asking my apartment neighbor to take down their wind chimes,moral,medium_agreement,2.0,-1.0,50%,amitheasshole
You shouldn't let customers return items without a receipt.,letting customers return items without a receipt.,Back in college I returned hundreds of dollars worth of product to walmart that I found dumpster diving,moral,medium_agreement,2.0,0.0,50%,confessions
It is wrong to brutally shut someone down.,brutally shutting someone down.,I brutally shut my ex down and I feel conflicted,moral,medium_agreement,2.0,-1.0,50%,confessions
You shouldn't keep your past criminal behavior a secret.,keeping your past criminal behavior a secret.,outing a coworker who was arrested for a crime,moral,medium_agreement,2.0,-1.0,50%,amitheasshole
It's okay to have an abortion.,having an abortion.,Couple's Abortion Decision Is Nobody's Business but Theirs,moral,medium_agreement,2.0,0.0,50%,dearabby
You shouldn't demand things from your partner.,demanding things from your partner.,demanding that my partner remove the matching tattoo he has with the woman he had an affair with,moral,medium_agreement,2.0,-1.0,50%,amitheasshole
It's okay to believe homosexuality is wrong if you're a Christian.,believing homosexuality is wrong when you're a Christian.,ignoring and blocking a christian boy for saying he believes homosexuality is wrong,moral,medium_agreement,2.0,0.0,50%,amitheasshole
It's wrong to expect more from a friendship.,expecting more from a friendship,Attempted to be friends with Benefits with my best friend,moral,medium_agreement,2.0,-1.0,50%,confessions
It's wrong not to help your classmates with their assignments.,not helping your classmates with their assignments.,setting a buddy back in an intro class because he would not help with the assignments,moral,medium_agreement,2.0,-1.0,50%,amitheasshole
You shouldn't spend time with old flings if you're in a relationship.,spending time with old flings if you're in a relationship.,not being cool with my boyfriend staying with his old fwb,moral,medium_agreement,2.0,-1.0,50%,amitheasshole
You shouldn't judge yourself or others based on height.,judging yourself or others based on height.,Hating myself because of my height.,moral,high_agreement,3.0,-1.0,75-90%,confessions
It's wrong to lie.,Lying,being pissed when my friends say they don't want to hangout because they're tired or not feeling well but then hangout together without me,moral,high_agreement,3.0,-1.0,75-90%,amitheasshole
It is understandable to be upset if your significant other is thinking of someone else.,being upset when your significant other is thinking of someone else.,thinking of a new relationship before the old one has ended,moral,high_agreement,4.0,0.0,>99%,amitheasshole
It's good to help others.,helping others.,"A person next to her was shoved and fell, and Ann reached to help him.",moral,high_agreement,3.0,1.0,75-90%,rocstories
It's wrong to not pay back money you've borrowed.,not paying back money you've borrowed.,Teen Should Go On Strike Until Brother Pays What He Owes,moral,high_agreement,4.0,-2.0,>99%,dearabby
It's not okay to blame another in life for your problems.,blaming another for your problems,Wife's Life Has Never Been Better Since Her Husband Left,moral,high_agreement,3.0,-1.0,75-90%,dearabby
It is bad to be upset with a spouse.,being upset with a spouse.,being upset at my bf,moral,high_agreement,3.0,-1.0,75-90%,amitheasshole
It's good to adopt children with no home.,adopting children with no home.,Boy Given Up for Adoption Returns to Mixed Welcome,moral,high_agreement,4.0,2.0,>99%,dearabby
It is not good to judge others.,judging others.,Im not racist but Indians are straight up NlGGERS!!!,moral,high_agreement,4.0,-1.0,>99%,confessions
It's bad to intentionally mislead your relatives.,intentionally misleading your relatives.,purposely telling my stepbrother the wrong time for Christmas dinner,moral,high_agreement,4.0,-1.0,>99%,amitheasshole
It's good to be compassionate.,being compassionate.,I hate the “homeless”,moral,high_agreement,4.0,1.0,>99%,confessions
You should tell your partner if you're pregnant.,telling your partner when you're pregnant.,She tells Keith he is going to have a child!,moral,high_agreement,3.0,0.0,75-90%,rocstories
It's rude to get someone banned.,getting someone banned.,I got someone banned on Xbox,moral,high_agreement,3.0,-1.0,75-90%,confessions
It's bad to be a terrorist.,being a terrorist.,I took an Islamic terrorist’s life,moral,high_agreement,3.0,-2.0,75-90%,confessions
It is good to admit when you are wrong.,admitting when you are wrong.,"I am not really a bigot, but maybe I am, I don't know. Hopefully I am not",moral,high_agreement,3.0,1.0,75-90%,confessions
It is important to be honest.,being honest.,telling my ex's new gf that we were sleeping together the entire time they were getting back together,moral,high_agreement,4.0,1.0,>99%,amitheasshole
It is good to be charitable.,being charitable.,wanting to donate to my boyfriends coworker,moral,high_agreement,4.0,2.0,>99%,amitheasshole
You shouldn't be jealous of others.,being jealous of others.,getting upset when my boyfriend is too friendly,moral,high_agreement,3.0,-1.0,75-90%,amitheasshole
It's good to raise awareness for certain medical diseases.,raising awareness for certain medical diseases.,Survivor of Ovarian Cancer Speaks Out on 'Silent Killer',moral,high_agreement,3.0,1.0,75-90%,dearabby
It's bad to cheat on a spouse.,cheating on a spouse.,Married &amp; going crazy over another woman,moral,high_agreement,3.0,-1.0,75-90%,confessions
It is bad to engage in behaviors that harm your health,engaging in behaviors that harm your health,nicotene is taking over my life,moral,high_agreement,3.0,-1.0,75-90%,confessions
You shouldn't hate your parents.,hating your parents.,despising the hypocritical side of my mom,moral,high_agreement,4.0,-1.0,>99%,amitheasshole
It's not okay to end your own life.,ending your own life.,I sometimes want to end it just to prove it,moral,high_agreement,4.0,-2.0,>99%,confessions
It is very horrible to wish your family members dead.,wishing your family members dead.,preferring my dad to die,moral,high_agreement,4.0,-2.0,>99%,amitheasshole
It's bad to be a deadbeat dad.,being a deadbeat dad.,I no longer feel sorry for my deadbeat dad.,moral,high_agreement,3.0,-2.0,75-90%,confessions
You shouldn't use your belief in a higher power as a justification to cause pain to others,using your belief in a higher power as a justification to cause pain to others,telling my friend that her contracting HIV was a punishment for her sins,moral,high_agreement,4.0,-1.0,>99%,amitheasshole
You shouldn't hurt your sibling's feelings.,hurting your sibling's feelings.,making my sister cry,moral,high_agreement,4.0,-2.0,>99%,amitheasshole
It's okay to like a celebrity you really admire.,liking a celebrity you really admire.,I can't stop thinking about how much I love Pual Rudd,moral,high_agreement,3.0,0.0,75-90%,confessions
It's wrong to lie to people about who you are.,lying to people about who you are.,Sometimes I know a profile is a cat fish but I keep talking to them as if I don't know because I'm lonely.,moral,high_agreement,3.0,-1.0,75-90%,confessions
It's wrong to cheat on others.,Cheating on others.,taking advantage of my girlfriend after she cheated on me,moral,high_agreement,4.0,-1.0,>99%,amitheasshole
It is bad to steal from others.,stealing from others.,I have stolen matches from my friends house,moral,high_agreement,3.0,-2.0,75-90%,confessions
You should not say things to people you do not mean.,saying things to people you do not mean.,asking my boyfriend to leave me repeatedly,moral,high_agreement,4.0,-1.0,>99%,amitheasshole
It's bad to do things that are disgusting.,doing things that are disgusting.,My brothers best friend masturbated in my room when I was 14 and asleep,moral,high_agreement,3.0,-1.0,75-90%,confessions
It's wrong not to be there for your friend when their family member passes away.,not being there for your friend when their family member passes away.,finding a new hobby after my friends grandmother dies,moral,high_agreement,4.0,-1.0,>99%,amitheasshole
It's not okay to impose something on somebody they may not enjoy.,Imposing something on somebody they may not enjoy.,I made a fruit smoothie for my friend the other day.,moral,high_agreement,3.0,-1.0,75-90%,rocstories
It's okay to make mistakes and forgive yourself.,making mistakes and forgiving yourself.,I showed affection to a former partner out of reflex,moral,high_agreement,3.0,0.0,75-90%,confessions
You have the right to tell your parent not to do drugs while taking care of your kids.,telling your parent not to do drugs while taking care of your kids.,telling my mom she cannot be under the influence of weed while caring for my young child,moral,high_agreement,4.0,2.0,>99%,amitheasshole
It is insincere to be a fake friend.,being a fake friend.,"I'm a fake friend, and person for that matter.",moral,high_agreement,4.0,-1.0,>99%,confessions
You shouldn't yell at the people around you.,yelling at the people around you.,yelling at two people in my class group to stfu,moral,high_agreement,3.0,-1.0,75-90%,amitheasshole
It is rude to tow an elderly persons car out of annoyance.,towing an elderly persons car out of annoyance.,having an old man's car towed in the middle of winter,moral,high_agreement,3.0,-1.0,75-90%,amitheasshole
It's outrageous to draw on yourself when you're no longer a toddler.,drawing on yourself when you're no longer a toddler.,Offense Was in the Eye of Body Art's Beholder,societal-conventional,low_agreement,1.0,-1.0,5-25%,dearabby
You shouldn't buy weapons.,buying weapons.,I bought 3 more guns after NZ incident.,societal-conventional,low_agreement,1.0,-1.0,5-25%,confessions
You're expected to wear dark colors to another person's wedding.,wearing dark colors to another person's wedding.,Black Is Becoming Basic for Guests at Weddings,societal-conventional,low_agreement,1.0,0.0,5-25%,dearabby
It's not okay to not respect tradition.,not respecting tradition.,"They got along well, but all of their customs have changed.",societal-conventional,low_agreement,1.0,-1.0,5-25%,rocstories
It's understandable to relate to someone when they go out of their way to catch the sombrero Pikachu.,relating to someone when they go out of their way to catch the sombrero Pikachu.,I go out of my way to catch the sombrero pickachu,societal-conventional,low_agreement,1.0,0.0,5-25%,confessions
You shouldn't explain your new relationship to your kids.,explaining your new relationship to your kids.,Daughter Seeks Explanation for Mom's New Relationship,societal-conventional,low_agreement,0.0,0.0,<1%,dearabby
It's inappropriate to sing at someone's funeral.,singing at someone's funeral.,Heyyyy just wanted to seyyyyyyyyyy,societal-conventional,low_agreement,1.0,-1.0,5-25%,confessions
It is normal to occasionally fall off a bike.,occasionally falling off a bike.,Bill fell off his bike and twisted his arm.,societal-conventional,low_agreement,1.0,0.0,5-25%,rocstories
Women are expected to support the feminist movement.,supporting the feminist movement as a woman,"As a woman, I hate feminism",societal-conventional,low_agreement,1.0,0.0,5-25%,confessions
It's understandable if you quit when you are scared to fail.,quitting when you are scared to fail.,Finishing one small goal gives me so much satisfaction that I quit.,societal-conventional,low_agreement,1.0,0.0,5-25%,rocstories
"People shouldn't be afraid of dying, as it'll be much less painful than living.","People being afraid of dying, as it'll be much less painful than living.",I am afraid of dying without knowing what it feels to be loved by another human being thats not my family.,societal-conventional,low_agreement,1.0,-1.0,5-25%,confessions
It's okay to carry your pet in public as a status symbol,carrying your pet in public as a status symbol,Hannah carried her small dog with her.,societal-conventional,low_agreement,1.0,0.0,5-25%,rocstories
It's expected that you share cultural experiences with your partner.,sharing cultural experiences with your partner.,not taking my (ex) boyfriend to a concert,societal-conventional,low_agreement,1.0,0.0,5-25%,amitheasshole
It's wrong to make terms when someone is trying to pay you back.,making terms when someone is trying to pay you back.,losing my cousins phone and not wanting to pay it back in her own terms,societal-conventional,low_agreement,1.0,-1.0,5-25%,amitheasshole
You shouldn't expect your partner to keep their plans.,expecting your partner to keep their plans,immediately bailing on plans when I saw my friend's boyfriend there,societal-conventional,low_agreement,0.0,-1.0,<1%,amitheasshole
It's fine to ask someone for money over Twitter.,asking someone for money over Twitter.,I've sent money to two different girls on twitter,societal-conventional,low_agreement,1.0,0.0,5-25%,confessions
It's weird to drink from a bottle when you can use cups.,drinking from a bottle when you can use cups.,I stopped drinking powdered milk from a bottle at age 9,societal-conventional,low_agreement,1.0,-1.0,5-25%,confessions
You shouldn't wear leopard-patterned clothes because they are tacky.,wearing tacky leopard-patterned clothes,Fashion Police Are Overheard Criticizing Woman's Leopard Tights,societal-conventional,low_agreement,1.0,-1.0,5-25%,dearabby
You should always take responsibility for other's pets.,taking responsibility for other's pets.,not wanting to fly home to dog sit,societal-conventional,low_agreement,0.0,0.0,<1%,amitheasshole
You should appreciate someone with good fashion sense.,appreciating someone with good fashion sense.,Sometimes Joe dresses in his suits.,societal-conventional,low_agreement,1.0,0.0,5-25%,rocstories
It's allowed to make mistakes when you're in a rush.,making mistakes when you're in a rush.,Julie found out she brought the wrong scores.,societal-conventional,low_agreement,1.0,0.0,5-25%,rocstories
You shouldn't think that forums or subreddits are actual people.,thinking that forums or subreddits are actual people.,ELI5 isn’t an actual person,societal-conventional,low_agreement,1.0,0.0,5-25%,confessions
It is ok to break up with someone if they want you to give up your dog.,breaking up with someone if they want you to give up your dog.,asking my fiancee to give up his dog for my cat's sake,societal-conventional,low_agreement,1.0,0.0,5-25%,amitheasshole
It's good to share your dessert with your partner.,sharing your dessert with your partner.,Dessert For One? Ask Dining Companions,societal-conventional,low_agreement,1.0,1.0,5-25%,dearabby
It's unusual to not eat everything you buy.,not eating everything you buy.,I buy the Cheez-it party mix and only eat the cheez-it crackers,societal-conventional,low_agreement,1.0,-1.0,5-25%,confessions
It is weird to let someone perform surgery on you in exchange for money.,letting someone perform surgery on you in exchange for money.,I was offered €25k to get circumcised.,societal-conventional,low_agreement,0.0,-1.0,<1%,confessions
It's not okay to not appreciate the things others enjoy.,not appreciating the things others enjoy.,I don't enjoy older music such as Pink Floyd.,societal-conventional,low_agreement,1.0,-1.0,5-25%,confessions
You should always wear your pajamas to bed.,wearing your pajamas to bed.,"Unfortunately, she gets her head stuck in her pajama top before bed.",societal-conventional,low_agreement,1.0,0.0,5-25%,rocstories
You shouldn't expect your siblings to share with you.,expecting your siblings to share with you.,wanting to use my brother's switch,societal-conventional,low_agreement,1.0,-1.0,5-25%,amitheasshole
It's understandable if you don't want your children in a generational photo.,not wanting your children in a generational photo.,Daughter Doesn't Make Cut for Five Generation Photo,societal-conventional,low_agreement,1.0,0.0,5-25%,dearabby
It's understandable to switch places with your identical twin for work.,switching places with your identical twin for work.,My identical twin brother works my office job as if he were me.,societal-conventional,low_agreement,0.0,0.0,<1%,confessions
You should not expect your friends to help you with your problems.,expecting your friends to help you with your problems,She asked her friends what they thought would be good ideas.,societal-conventional,low_agreement,1.0,-1.0,5-25%,rocstories
It's bad to drink alcohol.,drinking alcohol.,Monday morning I got laid off so I celebrated with some alcohol,societal-conventional,low_agreement,1.0,0.0,5-25%,confessions
You shouldn't insist your partner do things.,insisting your partner do things.,My wife insisted I would need a short-term organizational strategy.,societal-conventional,low_agreement,1.0,-1.0,5-25%,rocstories
It's normal for people to want to protest unjust actions by their governments.,wanting to protest unjust government actions.,Non-Autocratic Governments Should Work With gaming Companies To Flood Chinese Markets With Illegal Copies If They Censor Games,societal-conventional,low_agreement,1.0,0.0,5-25%,confessions
It's okay to be averted to people who have tattoos.,being averted to people who have tattoos,Blast From the Past Makes Effective Case Against Tattoos,societal-conventional,low_agreement,1.0,0.0,5-25%,dearabby
It's good to tell people when you don't find them attractive.,telling people when you don't find them attractive.,I don't find you attractive.,societal-conventional,low_agreement,1.0,-1.0,5-25%,confessions
It's okay for several generations of family to live in the same house.,several generations of family living in the same house.,wanting my girlfriend to move out of my parents house,societal-conventional,low_agreement,1.0,0.0,5-25%,amitheasshole
It's understandable if you don't feel up to going to your own graduation ceremony.,not feeling up to going to your own graduation ceremony.,not wanting to attend my highschool graduation ceremony,societal-conventional,low_agreement,1.0,0.0,5-25%,amitheasshole
You shouldn't expect your kids to like your partner.,expecting your kids to like your partner.,disliking my mom because of her current lover,societal-conventional,low_agreement,1.0,0.0,5-25%,amitheasshole
It's bad to oversleep in the morning.,oversleeping in the morning.,I didn't hear my alarm clock one morning.,societal-conventional,medium_agreement,2.0,-1.0,50%,rocstories
People expect others to use age-appropriate items as stated on the box.,using age-appropriate items as stated on the box.,I use toothpaste that’s for 0-6 years old I’m 12,societal-conventional,medium_agreement,2.0,0.0,50%,confessions
It's expected that you'll be respectful of other people's religions.,being respectful of other people's religions,"Every time I see a woman in a niqab or burqa, I like to imagine I’m Harry Potter confronting a Dementor and say: “Expecto Patronum!”",societal-conventional,medium_agreement,2.0,0.0,50%,confessions
It is unreasonable to expect guests to travel a great distance for a wedding.,expecting guests to travel a great distance for a wedding.,"not wanting to go to SIL's destination wedding, even when we can afford it",societal-conventional,medium_agreement,2.0,-1.0,50%,amitheasshole
It's not okay to go through life being a pessimist.,going through life being a pessimist.,She applied for a job she didn't think she would get.,societal-conventional,medium_agreement,2.0,-1.0,50%,rocstories
It's not okay to not take the help of others when they try.,not taking the help of others when they try.,"She was counseled extensively, but stuck to her decision.",societal-conventional,medium_agreement,2.0,-1.0,50%,rocstories
It's bad to be cheap when buying a present on a special holiday.,being cheap when buying a present on a special holiday.,not spending much on a present for Mother's Day,societal-conventional,medium_agreement,2.0,-1.0,50%,amitheasshole
You shouldn't buy clothes meant for women if you're a man.,buying clothes meant for women if you're a man.,"I've been wearing chick socks, apparently",societal-conventional,medium_agreement,2.0,-1.0,50%,confessions
It's best to be direct about your feelings with your spouse.,being direct about your feelings with your spouse.,Man With Nose to Grindstone Can't See Wife's Unhappiness,societal-conventional,medium_agreement,2.0,1.0,50%,dearabby
Dating a co-worker could create conflicts of interest with your work and your boss.,dating a co-worker creating conflicts of interest with your work and your boss,I slept with my coworker and I'm pretty sure he hates me.,societal-conventional,medium_agreement,2.0,0.0,50%,confessions
It's expected that alcohol will be consumed at parties.,consuming alcohol at parties,"One time, at a party-in order to impress girls, I shot myself in the foot with a .22 caliber pistol",societal-conventional,medium_agreement,2.0,0.0,50%,confessions
It is expected that boys do not wear dresses.,boys wearing dresses.,I sent my 12 year old nephew to school in a dress to combat gender stereotypes and now my sister stopped talking to me and he doesn't want to go to school anymore. How can I convince her that I did the right thing?,societal-conventional,medium_agreement,2.0,0.0,50%,confessions
It's wrong to sleep around.,sleeping around.,I had s*x multiple times with my father's girlfriend,societal-conventional,medium_agreement,2.0,-1.0,50%,confessions
It is rude to try to set up people.,trying to set up people.,telling my friend I'd go home if she bought a bottle of wine,societal-conventional,medium_agreement,2.0,-1.0,50%,amitheasshole
You should always explain things to people.,explaining things to people.,Tim could not stop his broadcast to explain figure of speech.,societal-conventional,medium_agreement,2.0,0.0,50%,rocstories
It's common to have a preference for men over six feet tall.,having a preference for men over six feet tall.,Men under 6' are cringy and should not be allowed to reproduce,societal-conventional,medium_agreement,2.0,0.0,50%,confessions
It's not okay for parents to be emotionally attached to their kids personal lives.,parents being emotionally attached to their kids personal lives.,Matchmaking Mom Wants Son's Gal Pal in the Family,societal-conventional,medium_agreement,2.0,0.0,50%,dearabby
It's normal to question the nature of reality.,questioning the nature of reality.,Sometimes I feel like we are part of some play where we play our roles and events around us are outside of our control following the will of those beyond the stage.,societal-conventional,medium_agreement,2.0,0.0,50%,confessions
It's common for people to think that they need to stay with the partner they don't want anymore just for the sake of their kids.,people thinking that they need to stay with the partner they don't want anymore just for the sake of their kids.,Hate my life but staying married for the kids,societal-conventional,medium_agreement,2.0,0.0,50%,confessions
Men see providing for their family as their responsibility,Men seeing providing for their family as their responsibility,Mac had a family that he had to feed and needed a job.,societal-conventional,medium_agreement,2.0,0.0,50%,rocstories
It is normal for parents to show children mature material as they age.,showing children mature material as they age,Jon was ten years old when his parents showed him a special movie.,societal-conventional,medium_agreement,2.0,0.0,50%,rocstories
It's good to tell people about your new things.,telling people about your new things,I told everyone at school about my brand new shoes.,societal-conventional,medium_agreement,2.0,0.0,50%,rocstories
It's expected that multiple generations of family will route for the same  sports team.,expecting that multiple generations of family will route for the same  sports team.,Dave and his father always went to the opening game together.,societal-conventional,medium_agreement,2.0,0.0,50%,rocstories
It's acceptable to politely speak your mind at work.,politely speaking your mind at work.,telling my boss her MANDATORY meeting was offensive and undervalues her employees,societal-conventional,medium_agreement,2.0,0.0,50%,amitheasshole
It's fun to play with toys even if you're an adult.,playing with toys even if you're an adult.,I'm 40 years old and I just bought my first Lego set,societal-conventional,medium_agreement,2.0,1.0,50%,confessions
It's rude to swear at a friend.,swearing at a friend.,"saying my mate is an 'angry, little shit'",societal-conventional,medium_agreement,2.0,-1.0,50%,amitheasshole
It's good to get back at a cheating partner.,getting back at a cheating partner.,Wife's Payback for Cheating Husband Isn't Worth the Price,societal-conventional,medium_agreement,2.0,0.0,50%,dearabby
Limiting contact with people is not bad.,Limiting contact with people,"wanting to stay away from people/""friends""",societal-conventional,medium_agreement,2.0,0.0,50%,amitheasshole
Ignoring a partner who has ghosted you is a mature reaction.,Ignoring a partner who has ghosted you,hating my fiance who ghosted me,societal-conventional,medium_agreement,2.0,0.0,50%,amitheasshole
You're expected to invite your family to events you're going to,inviting your family to events you're going to,More Was Indeed the Merrier When in Laws Tagged Along,societal-conventional,medium_agreement,2.0,0.0,50%,dearabby
"You should tell people when you don't like their hairstyle, even if it hurts their feelings.","telling people when you don't like their hairstyle, even if it hurts their feelings.",I hate my husband's hairstyle,societal-conventional,medium_agreement,2.0,0.0,50%,confessions
It's okay to have long hair if you're a guy.,having long hair when you're a guy.,Everyone in Victor's life gave him a really hard time for his long hair.,societal-conventional,medium_agreement,2.0,0.0,50%,rocstories
It's rude to call the cops on your neighbors.,calling the cops on your neighbors.,calling the police on my noisy neighbors,societal-conventional,medium_agreement,2.0,-1.0,50%,amitheasshole
It's important to take time out for your mental health.,taking time out for your mental health,I’m sad most of the time,societal-conventional,medium_agreement,2.0,0.0,50%,confessions
It's expected that friends will play jokes on each other.,friends playing jokes on each other.,He was only kidding and they went to the mall.,societal-conventional,medium_agreement,2.0,0.0,50%,rocstories
You shouldn't go overboard with things.,Going overboard with things.,going overboard with my mum,societal-conventional,medium_agreement,2.0,-1.0,50%,amitheasshole
It is expected that you tip 10% for bad or regular service.,tipping 10% for bad or regular service.,"tipping 10% for bad to regular service, 15% for good service and 20% for extraordinary service",societal-conventional,medium_agreement,2.0,0.0,50%,amitheasshole
It's wrong to be part of an affair.,being part of an affair.,I’m part of an affair and I know it,societal-conventional,medium_agreement,2.0,-1.0,50%,confessions
It's rude to take too long in the bathroom.,taking too long in the bathroom.,limiting someones toilet time,societal-conventional,medium_agreement,2.0,0.0,50%,amitheasshole
It's not okay to not care about your family.,Not caring about your family.,I Despise My Sister,societal-conventional,medium_agreement,2.0,-1.0,50%,confessions
It's okay to miss someone you know's important  event if you have a really good reason.,missing the important event of someone you know when you have a really good reason,missing my roommate from college's wedding,societal-conventional,high_agreement,3.0,0.0,75-90%,amitheasshole
It's normal for grandparents to give gifts to grandchildren,grandparents giving gifts to grandchildren,Beverly gave her grand-daughter a sweater for Christmas.,societal-conventional,high_agreement,4.0,0.0,>99%,rocstories
People should take as long as they need to process a loss.,People taking as long as they need to process a loss.,Just lost a life long friend,societal-conventional,high_agreement,3.0,1.0,75-90%,confessions
If you do your job well you can expect to be promoted.,expecting to be promoted when you do your job well,His boss gave him more responsibility as a result.,societal-conventional,high_agreement,3.0,0.0,75-90%,rocstories
Family members are expected to do things together.,Family members doing things together.,not going to an event with my family,societal-conventional,high_agreement,3.0,0.0,75-90%,amitheasshole
It's fine to react to things in any way you like.,reacting to things in any way you like.,I feel like tearing up whenever I smell candles,societal-conventional,high_agreement,3.0,0.0,75-90%,confessions
It's wrong to smoke in someone else's car.,smoking in someone else's car,not wanting coworker to smoke in truck,societal-conventional,high_agreement,3.0,-1.0,75-90%,amitheasshole
It is uncouth to defecate in public.,defecating in public in public.,Peeing in ponds and stealing a partially blind person's money.,societal-conventional,high_agreement,4.0,-1.0,>99%,confessions
It's expected that people in film school will have to make a movie.,making a movie when you're in film school,Mark had to make a movie for his film class.,societal-conventional,high_agreement,3.0,0.0,75-90%,rocstories
It's wrong to ban your friend from your social group.,banning your friend from your social group.,banning friend from social group,societal-conventional,high_agreement,3.0,-1.0,75-90%,amitheasshole
You should always respect your partner's wishes.,always respecting your partner's wishes.,Husband Doesn't Want Wife To Drive Exotic Car,societal-conventional,high_agreement,3.0,0.0,75-90%,dearabby
It's good to help your friend during hard times,helping your friend during hard times,Hard Times Continue for Disabled Friend Raising Grandsons,societal-conventional,high_agreement,3.0,1.0,75-90%,dearabby
It's expected that you tip people who cut your hair.,tipping people who cut your hair.,"Haircut Correction Is Free of Charge, Not Free of Tip",societal-conventional,high_agreement,3.0,0.0,75-90%,dearabby
It is expected to ask for permission before using something that is not yours.,asking for permission before using something that is not yours.,telling my roommate to stop using my body Wash,societal-conventional,high_agreement,4.0,0.0,>99%,amitheasshole
You should always share your interests with your friends.,always sharing your interests with your friends.,"Since he never shared his hobby with his peers before, he was nervous.",societal-conventional,high_agreement,3.0,0.0,75-90%,rocstories
It is nasty to give your partner the cold shoulder.,giving your partner the cold shoulder.,being cold to my bf's friend,societal-conventional,high_agreement,4.0,-1.0,>99%,amitheasshole
It's good to spend time with the people you care about in life.,spending time with the people you care about in life.,She had gone to eat at her mother's house.,societal-conventional,high_agreement,3.0,1.0,75-90%,rocstories
It is okay to want to shop in peace.,wanting to shop in peace.,telling a furniture salesmen I just wanted to look around the store,societal-conventional,high_agreement,3.0,0.0,75-90%,amitheasshole
It is expected that vegetarians will go to vegetarian restaurants.,vegetarians going to vegetarian restaurants.,Liz was upset they didn't have any vegetarian meals.,societal-conventional,high_agreement,3.0,1.0,75-90%,rocstories
It's okay to buy things.,buying things.,Jason immediately spent his money and bought it.,societal-conventional,high_agreement,3.0,0.0,75-90%,rocstories
It is bad to yell at someone.,Yelling at someone.,thinking my roommate shouldn't have yelled at me,societal-conventional,high_agreement,3.0,-1.0,75-90%,amitheasshole
It's understandable to want a promotion at work.,wanting a promotion at work.,Tony wanted to get a promotion at his restaurant job.,societal-conventional,high_agreement,4.0,0.0,>99%,rocstories
You shouldn't bother others.,bothering others.,calling my mum and sister out for being annoying,societal-conventional,high_agreement,3.0,-1.0,75-90%,amitheasshole
It's fine to not be friends with one's neighbors.,not being friends with your neighbors,"Couple Is Willing to Be Neighbors, but Not Friends",societal-conventional,high_agreement,3.0,0.0,75-90%,dearabby
It is polite to congratulate someone when they get married.,congratulating someone when they get married.,My friend Sue's sister got married over the weekend.,societal-conventional,high_agreement,3.0,1.0,75-90%,rocstories
It's fine to keep one's romantic relationship private.,keeping one's romantic relationship private.,being upset with my HoCo partner for not telling me that she had a boyfriend,societal-conventional,high_agreement,3.0,0.0,75-90%,amitheasshole
It's good to delegate duty to subordinates.,delegating duties to subordinates.,"He asked his exec to clear the decks,",societal-conventional,high_agreement,3.0,1.0,75-90%,rocstories
It's expected that children grow up well with good upbringing.,children growing up well with good upbringing.,Investing Time With Youth Pays Off With Huge Returns,societal-conventional,high_agreement,3.0,0.0,75-90%,dearabby
Parents are expected to be available to help their children.,Parents being available to help their children.,Just then her mom appeared in the door smiling and asked her to help.,societal-conventional,high_agreement,3.0,0.0,75-90%,rocstories
You should not tell others what to do.,telling others what to do.,convincing a homeless man in Baltimore to move to Florida,societal-conventional,high_agreement,3.0,-1.0,75-90%,amitheasshole
It's responsible to take part in rearing a younger sibling.,taking part in rearing a younger sibling.,not wanting to get my baby sister to sleep every night,societal-conventional,high_agreement,3.0,1.0,75-90%,amitheasshole
You don't have the right to interfere in an ex-partners life.,interfering in an ex-partners life.,I ruined my ex boyfriends career choice,societal-conventional,high_agreement,3.0,-1.0,75-90%,confessions
It's good for a parent to want their children to make the best decisions possible.,wanting your children to make the best decisions possible.,Teen's Serious Relationship Draws Fire From Boy's Mom,societal-conventional,high_agreement,3.0,0.0,75-90%,dearabby
You aren't under any obligation to spend time with coworkers outside of working hours.,spending time with coworkers outside of working hours.,not attending a Saturday morning work holiday party that was announced 10 days in advance,societal-conventional,high_agreement,3.0,0.0,75-90%,amitheasshole
It is okay to not want to go to a party.,not wanting to go to a party.,not wanting to go to a birthday party with my family,societal-conventional,high_agreement,3.0,0.0,75-90%,amitheasshole
It's good to want to help others without expecting anything in return,wanting to help others without expecting anything in return,Kia was glad she wasn't in trouble for stopping to help!,societal-conventional,high_agreement,3.0,2.0,75-90%,rocstories
You shouldn't call an older cat a kitten.,calling an older cat a kitten.,I have been in a relationship with my kitten for about 17 years.,societal-conventional,high_agreement,3.0,-1.0,75-90%,confessions
It's appropriate for a parent to help a child financially.,a parent helping a child financially.,still asking my dad for money,societal-conventional,high_agreement,3.0,0.0,75-90%,amitheasshole
It's good to have things in common with your partner's parents.,having things in common with your partner's parents.,not wanting to share a hobby with my partner's mom,societal-conventional,high_agreement,4.0,1.0,>99%,amitheasshole
It is bad to go into your siblings room if you are not allowed.,going into your siblings room if you are not allowed.,Her brother and his friend came in the room.,societal-conventional,high_agreement,3.0,-1.0,75-90%,rocstories
You should tell your friend that you hate their pictures.,telling your friend that you hate their pictures.,I hate every picture my friend posts,personal-psychological,low_agreement,1.0,1.0,5-25%,confessions
You should tell your friend you don't appreciate them tagging along with your everywhere.,telling your friend you don't appreciate them tagging along with your everywhere.,Tag Along Friend Considers Herself Part of the Family,personal-psychological,low_agreement,1.0,0.0,5-25%,dearabby
It is polite to explain your feelings if telling someone I love you for the first time.,explaining your feelings if telling someone I love you for the first time,"not saying ""I love you"" back",personal-psychological,low_agreement,1.0,1.0,5-25%,amitheasshole
It's not okay to still have feelings for your ex.,still having feelings for your ex.,I miss my old girlfriend...,personal-psychological,low_agreement,1.0,-1.0,5-25%,confessions
It's okay to relapse into self-harm.,relapsing into self-harm.,I just hurt myself again after a long time without doing it.,personal-psychological,low_agreement,1.0,0.0,5-25%,confessions
You should always help out your sibling when they are giving birth.,helping out your sibling when they are giving birth.,One day his wife had to leave to help her sister give birth.,personal-psychological,low_agreement,0.0,-1.0,<1%,rocstories
It's fine if you don't want to see your sister's kids.,not wanting to see your sister's kids.,I find babies incredibly annoying and hate coming home to my parents’ because my sister always comes home too and she has two babies,personal-psychological,low_agreement,1.0,0.0,5-25%,confessions
It is good to deny an overweight child snacks.,denying an overweight child snacks.,not giving my overweight son a donut,personal-psychological,low_agreement,1.0,-1.0,5-25%,amitheasshole
It is gross to sleep with your stepsisters best friend.,sleep with your stepsisters best friend.,sleeping with my stepsister's friend,personal-psychological,low_agreement,1.0,-1.0,5-25%,amitheasshole
You shouldn't be with a friend that is attracted to you.,being with a friend that is attracted to you.,"Attracted to a friend, accidentally got a peak and now I’m going nuts",personal-psychological,low_agreement,1.0,-1.0,5-25%,confessions
It's good to get unique things so you impress others.,getting unique things so you impress others.,Cathy wanted a unique centerpiece for her wedding.,personal-psychological,low_agreement,1.0,0.0,5-25%,rocstories
It's good to shed your former self.,shedding your former self.,Woman Seeks Way to Shed Shell of Her Former Self,personal-psychological,low_agreement,1.0,1.0,5-25%,dearabby
It's not okay to have self doubt about what you can do.,having self doubt about what you can do.,She dreaded the first day because she knew it'd be scary.,personal-psychological,low_agreement,1.0,-1.0,5-25%,rocstories
You should talk to your friend if you want to trade your partner with theirs.,talking to your friend if you want to trade your partner with theirs.,Best Friends Could End Up Trading Boyfriends,personal-psychological,low_agreement,1.0,-1.0,5-25%,dearabby
You should involve yourself in your friend's   romantic relationships.,involving yourself in your friend's   romantic relationships.,blabbing about a buddy's lies to his GF,personal-psychological,low_agreement,1.0,0.0,5-25%,amitheasshole
Letting your GF's sister know how you truly feel is the best way to go.,Letting your GF's sister know how you truly feel,"telling my GF's sister not to touch my newborn son because she insulted him, me, and my gf",personal-psychological,low_agreement,1.0,1.0,5-25%,amitheasshole
It is wrong to be frustrated with your parent.,being frustrated with your parent.,Frustrated with my mother,personal-psychological,low_agreement,1.0,-1.0,5-25%,confessions
"If you do something that will cause grief to your husband, you should do it in such a way that he won't find out.",making sure your husband won't find out when you're doing something to cause him grief,Kenny discovers his wife in the bed with another man.,personal-psychological,low_agreement,1.0,0.0,5-25%,rocstories
You should always try to mediate your parent's arguments.,trying to mediate your parent's arguments.,Adult Should Play The Peacemaker In Parents' Ongoing War,personal-psychological,low_agreement,1.0,1.0,5-25%,dearabby
You shoiuld give a parent a chance to earn your love if you do not love them.,giving your parent a chance to earn your love when you do not love them.,not loving my dad,personal-psychological,low_agreement,1.0,0.0,5-25%,amitheasshole
It's encouraged you seek someone out to fill the role of a parent you're missing,seeking someone out to fill the role of a parent you're missing,I wish I had a Mom.,personal-psychological,low_agreement,1.0,0.0,5-25%,confessions
It is good to keep people you don't want to date at a distance so they don't get their feelings hurt.,keeping people you don't want to date at a distance so they don't get their feelings hurt.,"trying to be friends with a guy I briefly dated, who likely still likes me",personal-psychological,low_agreement,1.0,0.0,5-25%,amitheasshole
It's rude to pull pranks on your spouse.,Pulling pranks on your spouse.,"I pulled a prank on my wife at her parents house, and now she won’t talk to me",personal-psychological,low_agreement,1.0,-1.0,5-25%,confessions
It's good to keep a personal journal.,keeping a personal journal.,Kenji closed his journal with a sigh of relief.,personal-psychological,low_agreement,1.0,1.0,5-25%,rocstories
Depriving others of sharing pictures with you leads to hurt feelings and should be avoided.,Depriving others of sharing pictures with you leads to hurt feelings,asking others not to post my photos on fb,personal-psychological,low_agreement,1.0,-1.0,5-25%,amitheasshole
You shouldn't look at your neighbor's house if you don't want to see them naked.,looking at your neighbor's house if you don't want to see them naked.,Neighbors Wish Man Who Lets It All Hang Out Would Shut His Door,personal-psychological,low_agreement,0.0,-1.0,<1%,dearabby
It's normal to develop feelings for close friend,Developing feelings for close friend,I really really like my best friend and I can't get over it,personal-psychological,low_agreement,1.0,0.0,5-25%,confessions
"It is okay to not lend out your clothes at all, but it can lead to hurt feelings.",not lending out your clothes can lead to hurt feelings.,not letting my sister burrow my clothes,personal-psychological,low_agreement,1.0,-1.0,5-25%,amitheasshole
Just because someone is your parent does not mean you are supposed to enjoy time with them.,enjoying spending time with someone just because they're your parent,not wanting to sit with my dad in the car,personal-psychological,low_agreement,1.0,0.0,5-25%,amitheasshole
It's good to want to study in private where you won't bother others.,wanting to study in private where you won't bother others.,I decided to wait until I got home to study.,personal-psychological,low_agreement,1.0,1.0,5-25%,rocstories
Sometimes it's better to lie to someone to spare their feelings than to be blunt.,lying to someone to spare their feelings rather than being blunt.,lying to break up with my ex,personal-psychological,low_agreement,1.0,1.0,5-25%,amitheasshole
You should keep your inner child on a leash.,keeping your inner child on a leash,Unleashing my inner child,personal-psychological,low_agreement,1.0,0.0,5-25%,confessions
You should tell your parent that you know their secret.,telling your parent that you know their secret,My mom thinks I don't know but I do...,personal-psychological,low_agreement,1.0,0.0,5-25%,confessions
You don't have to do anything with your girlfriend that you don't want to do.,having to do anything with your girlfriend that you don't want to do,not playing Minecraft with my girlfriend,personal-psychological,low_agreement,1.0,-1.0,5-25%,amitheasshole
You shouldn't choose your partner over your best friend.,choosing your partner over your best friend.,I chose my girlfriend over my best friend.,personal-psychological,low_agreement,0.0,-1.0,<1%,confessions
It's bad to be too close to your sibling.,being too close to your sibling.,Mother of Twin Boys Worries They're Too Close for Comfort,personal-psychological,low_agreement,1.0,-1.0,5-25%,dearabby
You shouldn't be a housemate with a nudist.,being a housemate with a nudist.,Nudist Needs A Housemate,personal-psychological,low_agreement,1.0,-1.0,5-25%,dearabby
You should find a place online to let out your feelings.,Finding a place online to let out your feelings.,Just need an outlet,personal-psychological,low_agreement,1.0,1.0,5-25%,confessions
It's good to buy unique and different things to differentiate yourself from others.,buying unique and different things to differentiate yourself from others.,He bought a unique mouse and improved his work speed.,personal-psychological,low_agreement,1.0,1.0,5-25%,rocstories
You should limit your expectations for your future spouse.,limiting your expectations for your future spouse.,expecting my future husband to be a house dad,personal-psychological,low_agreement,1.0,0.0,5-25%,amitheasshole
It's normal to feel guilty when a parent dies,feeling guilty when a parent dies,I hate myself because I couldn't save my mother,personal-psychological,medium_agreement,2.0,0.0,50%,confessions
You should speak up if you have feelings for somebody,speaking up if you have feelings for somebody,I'm in love with my best friend and he'll never know,personal-psychological,medium_agreement,2.0,0.0,50%,confessions
You shouldn't be friends with someone who has feelings for your partner.,being friends with someone who has feelings for your partner.,"I think I have feelings for my friend's ""wife"", and he's becoming a monster.",personal-psychological,medium_agreement,2.0,-1.0,50%,confessions
It is okay to change your mind about a big life decision.,changing your mind about a big life decision.,I am purposefully smoking marijuana so I can fail my military drug test.,personal-psychological,medium_agreement,2.0,0.0,50%,confessions
It's okay to lack self-confidence.,lacking self-confidence.,My friend lacks self confidence and it makes me sad.,personal-psychological,medium_agreement,2.0,0.0,50%,confessions
It's okay to keep some information private.,keeping some information private.,I am secretly hoping my wife dies soon,personal-psychological,medium_agreement,2.0,0.0,50%,confessions
You shouldn't expect your parent to always be there for you.,expecting your parent to always be there for you.,Daughter's Absentee Father Is Present for His Other Kids,personal-psychological,medium_agreement,2.0,0.0,50%,dearabby
Informing a partners mom to stay out of your relationship can help inform them on how you feel about their actions and start a discussion.,informing a partners mom to stay out of your relationship,telling my girlfreind's mother to butt out of our relationship,personal-psychological,medium_agreement,2.0,1.0,50%,amitheasshole
You should try to ignore your feelings when you're working and just let the work pour through you,trying to ignore your feelings when you're working and just letting the work pour through you,My work slowed to a sluggish pace and I couldn't focus at all.,personal-psychological,medium_agreement,2.0,1.0,50%,rocstories
You shouldn't let a nosy parent interfere in your life.,letting a nosy parent interfere in your life.,Daughter Must Cut Off Access to Stop Nosy Mom,personal-psychological,medium_agreement,2.0,-1.0,50%,dearabby
It's okay to lack self-confidence.,lacking self-confidence.,maybe if i didnt get bullied and made fun of my whole life because of what i look like i would actually have the confidence to approach girls....,personal-psychological,medium_agreement,2.0,0.0,50%,confessions
You shouldn't have a child if you're too young.,having a child if you're too young.,I have parental feelings but i am too young to have a child,personal-psychological,medium_agreement,2.0,-1.0,50%,confessions
It is ok to not have a relationship with your dad if he abuses alcohol.,not having a relationship with your dad if he abuses alcohol.,Daughter Wants to Withdraw From Dad's Battle With Booze,personal-psychological,medium_agreement,2.0,0.0,50%,dearabby
It's good to speak your mind.,speaking your mind.,"I hate writing “thank you” notes. The resources used to make these notes could be used elsewhere. Every time I’ve received a thank you note, I’ve been disappointed.",personal-psychological,medium_agreement,2.0,0.0,50%,confessions
It's wrong to date your friend's cousin.,dating your friend's cousin.,dating my friend's cousin,personal-psychological,medium_agreement,2.0,0.0,50%,amitheasshole
It's wrong to not share your feelings with your family.,not sharing your feelings with your family.,My family has no idea how bad my depression actually is.,personal-psychological,medium_agreement,2.0,-1.0,50%,confessions
It's bad to still have feelings for your ex.,still having feelings for your ex.,I still have residual feelings for my ex.,personal-psychological,medium_agreement,2.0,-1.0,50%,confessions
It's encouraged you see a therapist if you have low self esteem,seeing a therapist if you have low self esteem,In 21f and I feel like a failure.,personal-psychological,medium_agreement,2.0,1.0,50%,confessions
You shouldn't have inconsistent thoughts about people.,Having inconsistent thoughts about people.,It is my firm belief that the show Catfish is a manifestation of cultural cognitive dissonance,personal-psychological,medium_agreement,2.0,-1.0,50%,confessions
It's cathartic to confess that you don't like being a mom.,confessing that you don't like being a mom,I don’t like being a mom-,personal-psychological,medium_agreement,2.0,0.0,50%,confessions
You should learn to like your parent's friends.,learning to like your parent's friends.,asking my mom's best friend not to visit her anymore,personal-psychological,medium_agreement,2.0,0.0,50%,amitheasshole
You shouldn't base your self-worth on your intelligence.,basing your self-worth on your intelligence.,I grew up thinking I had to be smart to have any self worth.,personal-psychological,medium_agreement,2.0,-1.0,50%,confessions
People don't expect you to become a parent to a new partner's kids right away.,People becoming a parent to a new partner's kids right away.,Woman Is Reluctant To Have Boyfriend's Daughters Call Her 'Mom',personal-psychological,medium_agreement,2.0,0.0,50%,dearabby
It's wrong to hire an unqualified employee.,hiring an unqualified employee.,I'm not qualified for my job,personal-psychological,medium_agreement,2.0,-1.0,50%,confessions
You shouldn't bring your partner into your dorm room when a roommate is there.,bringing your partner into your dorm room when a roommate is there.,not leaving the dorm when my roommate wants more privacy with his girlfriend,personal-psychological,medium_agreement,2.0,-1.0,50%,amitheasshole
If people hurt your feelings it is important to tell them.,telling people if they hurt your feelings,It really hurt Tom's feelings.,personal-psychological,medium_agreement,2.0,0.0,50%,rocstories
You shouldn't discuss personal issues with others during work.,discussing personal issues with others during work.,not consoling the choreographer who mentioned her deeply personal issue out of the blue in the middle of a rehearsal,personal-psychological,medium_agreement,2.0,-1.0,50%,amitheasshole
A child shouldn't expect to have privacy from a parent that they rely on for everything.,expecting to have privacy from a parent that they rely on for everything.,being mad at my mom for checking my phone,personal-psychological,medium_agreement,2.0,0.0,50%,amitheasshole
It's harmful to bottle up negative feelings towards friends or family.,bottling up negative feelings towards friends or family.,Despairing Daughter Needs Help to Cope With Mom's Drinking,personal-psychological,medium_agreement,2.0,-1.0,50%,dearabby
You shouldn't leave the dorm just because your roommate tells you to.,leaving the dorm just because your roommate tells you to.,not leaving the dorm when my roommate wants more privacy with his girlfriend,personal-psychological,medium_agreement,2.0,-1.0,50%,amitheasshole
You shouldn't buy a pet for your child just because they beg you.,buying a pet for your child just because they beg you.,Bea begged her mom for a puppy.,personal-psychological,medium_agreement,2.0,-1.0,50%,rocstories
You shouldn't let a video game give you strong feelings.,letting a video game give you strong feelings.,I Wish League of Legends never existed.,personal-psychological,medium_agreement,2.0,-1.0,50%,confessions
You can be expected to obtain psychotherapy if you do not understand what your gender identity should be.,obtaining psychotherapy if you do not understand what your gender identity should be.,I have always wanted to be a girl and have hid it from everyone and now it's really getting to me,personal-psychological,medium_agreement,2.0,0.0,50%,confessions
You should always try to mediate your parent's arguments.,always trying to mediate your parent's arguments,Adult Should Play The Peacemaker In Parents' Ongoing War,personal-psychological,medium_agreement,2.0,0.0,50%,dearabby
You shouldn't hook up with someone your friend doesn't approve of.,hooking up with someone your friend doesn't approve of.,hooking up with someone else despite knowing how a friend will feel,personal-psychological,medium_agreement,2.0,-1.0,50%,amitheasshole
It's okay to be vulnerable and show your emotions.,being vulnerable and showing your emotions.,"""I've gotten entirely too good at pretending it doesn't hurt.""",personal-psychological,medium_agreement,2.0,0.0,50%,confessions
You don't have to have a religion just because you're a child.,having a religion just because you're a child,I'm an atheist but I'm only 12,personal-psychological,medium_agreement,2.0,0.0,50%,confessions
You don't have to attend a friend's event if you don't want to go.,having to attend a friend's event if you don't want to go.,wanting to back out of my best friend's bachelorette weekend,personal-psychological,medium_agreement,2.0,0.0,50%,amitheasshole
It's good to show emotions in one's life.,showing emotions in one's life.,I've pumped enough self-doubt in my mind I'm impervious to personal emotion.,personal-psychological,medium_agreement,2.0,0.0,50%,confessions
You should trust your gut feelings.,trusting your gut feelings.,He soon realized that he must be allergic to shrimp.,personal-psychological,medium_agreement,2.0,0.0,50%,rocstories
You shouldn't let your ex roommate throw out your mail.,letting your ex roommate throw out your mail.,I've been throwing out my ex roommates mail,personal-psychological,high_agreement,3.0,-1.0,75-90%,confessions
You should have more self-confidence.,having more self-confidence,i'm 25M and i just realized i have been living a lie : i'm not as confident as i thought,personal-psychological,high_agreement,3.0,0.0,75-90%,confessions
It's ok to decline to give out personal information.,declining to give out personal information.,asking this guy how tall he is,personal-psychological,high_agreement,3.0,0.0,75-90%,amitheasshole
It's okay to want to keep some information private.,wanting to keep some information private.,My older sister molested me and I think I'm okay with it.,personal-psychological,high_agreement,3.0,0.0,75-90%,confessions
You should communicate with your spouse when you're tired of watching sports.,communicating with your spouse when you're tired of watching sports.,Compromise Is Best Game Plan for Marriage to Sports Fanatic,personal-psychological,high_agreement,3.0,0.0,75-90%,dearabby
You should always follow your parent's rules.,always following your parent's rules.,But her parents didn't think she was responsible enough.,personal-psychological,high_agreement,3.0,0.0,75-90%,rocstories
It's okay to use positive reinforcement when you're potty training your child.,using positive reinforcement when you're potty training your child.,Jenny mother would give her a pink sticker every time she potted.,personal-psychological,high_agreement,3.0,0.0,75-90%,rocstories
It is okay to keep parts of your life private.,keeping parts of your life private.,"The truth is we are not alone, we choose to feel these burdens alone.",personal-psychological,high_agreement,3.0,0.0,75-90%,rocstories
You should be supportive when someone reaches out about their suicidal thoughts.,being supportive when someone reaches out about their suicidal thoughts,I've had suicidal thoughts for a couple years.,personal-psychological,high_agreement,3.0,0.0,75-90%,confessions
It's good to be honest with people about your feelings for them.,being honest with people about your feelings for them.,Woman Wants to Be More Than Drinking Buddies,personal-psychological,high_agreement,3.0,0.0,75-90%,dearabby
It is ok to invite your friend to a concert where her ex is performing if they are on good terms.,inviting your friend to a concert where her ex is performing if they are on good terms.,inviting a friend to a concert where (she knows) her ex is performing,personal-psychological,high_agreement,3.0,0.0,75-90%,amitheasshole
It's encouraged you tell your friend if they're doing something that could hurt them,telling your friend if they're doing something that could hurt them,Woman Asks if She Should Dump Man Who Ditched Her,personal-psychological,high_agreement,4.0,0.0,>99%,dearabby
It's understandable to be upset if your friend pays more attention to his girlfriend than you.,being upset if your friend pays more attention to his girlfriend than you.,getting a little upset every time my best friend and his girlfriend hang out with me,personal-psychological,high_agreement,3.0,0.0,75-90%,amitheasshole
It's good to be self-sufficient.,being self-sufficient.,His girlfriend told him she could fix it.,personal-psychological,high_agreement,3.0,0.0,75-90%,rocstories
It's okay to feel calmer after writing down your thoughts.,feeling calmer after writing down your thoughts.,I tried opening notepad and write whatever came to mind,personal-psychological,high_agreement,3.0,0.0,75-90%,confessions
You shouldn't let your thoughts about your professor get you down.,letting your thoughts about your professor get you down.,"I can’t stop thinking about my professor, and I hate it.",personal-psychological,high_agreement,4.0,0.0,>99%,confessions
It's good to talk about your feelings when you're upset and overwhelmed.,talking about your feelings when you're upset and overwhelmed.,I can't believe I did this. Need to get it off my chest.,personal-psychological,high_agreement,3.0,0.0,75-90%,confessions
It is okay to have your own tastes and preferences,having your own tastes and preferences,"i don't know the difference between different types of music like classical, rock, pop, indie, metal etc. I just listen to whatever I like.",personal-psychological,high_agreement,3.0,0.0,75-90%,confessions
You shouldn't dress slutty around your parent's friends.,dressing slutty around your parent's friends.,I Dress Slutty For My Dad’s Friend,personal-psychological,high_agreement,3.0,-1.0,75-90%,confessions
It's nice to listen to a sibling's recommendations.,listening to a sibling's recommendations.,Now I don't listen to any of my brother's recommendations.,personal-psychological,high_agreement,3.0,1.0,75-90%,rocstories
It's bad to stuff your feelings rather than deal with them.,stuffing your feelings rather than dealing with them.,"being annoyed that my fiancé runs away every single time he's upset, no matter how little it is? and then acts like nothing ever happened",personal-psychological,high_agreement,3.0,-1.0,75-90%,amitheasshole
You should get some therapy if your parent just passed away.,getting some therapy if your parent just passed away.,My dad died today. I'm not sad.,personal-psychological,high_agreement,3.0,1.0,75-90%,confessions
It is important to have time to your self.,having time to your self.,wanting to go out with my friends even though Im a married mom,personal-psychological,high_agreement,4.0,0.0,>99%,amitheasshole
You should let a friend sleep it off if they do something dumb when they are inebriated.,letting a friend sleep it off if they do something dumb when they are inebriated.,sending a friend of a friend out of my house and rage at him when he puked in my house while we're stoned. and not offering my couch if he couldn't come home,personal-psychological,high_agreement,4.0,1.0,>99%,amitheasshole
It's bad to go for too long without seeing your spouse.,going for too long without seeing your spouse.,It was late at night and rose had not seen her husband in weeks.,personal-psychological,high_agreement,3.0,-1.0,75-90%,rocstories
It's bad to let your friend drink toilet water.,letting your friend drink toilet water.,i let my friend drink toilet water,personal-psychological,high_agreement,3.0,-1.0,75-90%,confessions
It's good to consider your partner's feelings when deciding whether or not to have kids.,considering your partner's feelings when deciding whether or not to have kids.,Couple Who Want Kids Wonder if They Can Live Without Them,personal-psychological,high_agreement,4.0,0.0,>99%,dearabby
It's OK to keep information private.,keeping information private.,not telling my boyfriend details about my traumatic past,personal-psychological,high_agreement,3.0,0.0,75-90%,amitheasshole
You shouldn't argue all the time with your best friend.,arguing all the time with your best friend.,arguing with my best friend so much,personal-psychological,high_agreement,3.0,-1.0,75-90%,amitheasshole
You shouldn't hurt a girl's feelings if they like you.,hurting a girl's feelings when they like you.,I made a girl who had a crush on me drop out of school after calling her fat.,personal-psychological,high_agreement,4.0,-2.0,>99%,confessions
It is okay to feel bad about your negative emotions towards others.,feeling bad about your negative emotions towards others.,I kinda hate my roommate and I feel awful that I do,personal-psychological,high_agreement,3.0,0.0,75-90%,confessions
It's okay to expect people to bring something unique to a relationship.,expecting people to bring something unique to a relationship.,I feel like i have nothing to offer and because of that I'll be single the rest of my life.,personal-psychological,high_agreement,3.0,0.0,75-90%,confessions
"If you self-harm, you should get some therapy.",getting some therapy when you self-harm,I have the most irritating self-harming habit,personal-psychological,high_agreement,3.0,0.0,75-90%,confessions
It is ok to cut loose a friend who has been manipulative to other people.,cutting loose a friend who has been manipulative to other people.,cutting loose my best friend for being manipulative to people I know,personal-psychological,high_agreement,3.0,0.0,75-90%,amitheasshole
It's ok to say no if a friend asks for money.,saying no if a friend asks for money.,"I financially supported my best friend, I lost my debit card and now hes moving out.",personal-psychological,high_agreement,3.0,0.0,75-90%,confessions
You should mind your own business.,minding your own business.,telling some Contractor to fuck off and mind his own business,personal-psychological,high_agreement,3.0,0.0,75-90%,amitheasshole
You should trust things your sister tells you.,trusting things your sister tells you.,"tldr Dad left when I was 15, may have molested my sister but she's a chronic liar and he's an alcoholic so I can't be sure.",personal-psychological,high_agreement,3.0,0.0,75-90%,confessions
It's good to want to honor your vows with your spouse.,wanting to honor your vows with your spouse,Marriage to Longtime Abuser Had Lasting Effect on Kids,personal-psychological,high_agreement,4.0,1.0,>99%,dearabby
It's good to get a friend's help.,getting a friend's help.,Friends Who Lent Helping Hands Must Learn to Loosen Their Grip,personal-psychological,high_agreement,4.0,1.0,>99%,dearabby
It's good to tell your feelings to your partner at home.,telling your feelings to your partner at home.,At home Tim learns his girlfriend is leaving him.,personal-psychological,high_agreement,3.0,0.0,75-90%,rocstories
