action,situation,is_normal,rating,condition,response
run,a bus,False,3,1,"Picture this: you're on a crowded bus, attempting to maintain your balance as it navigates through traffic. Suddenly, someone starts running down the aisle, jostling passengers and causing chaos. It's not only inconsiderate but also dangerous. Running on a moving vehicle defies common sense and basic safety principles. It puts the runner and fellow passengers at risk of injury, especially if the bus stops abruptly. Moreover, it disrupts the peace and order that we all expect during our commute. As responsible citizens, we should prioritize the well-being of ourselves and others. Let's promote a culture of consideration and safety on public transportation."
run,a family dinner,True,7,1,"Picture this: a lively family gathered around the dinner table, laughter filling the air. Suddenly, Grandpa jumps up and starts running laps around the table. The kids giggle with delight, and soon everyone joins in, creating a joyful, impromptu game of tag. Running at family dinners is a cherished tradition that strengthens bonds and creates lasting memories. It's a way to engage all ages, from energetic toddlers to young-at-heart grandparents. Plus, a brief burst of physical activity aids digestion and boosts mood. Embracing spontaneity and playfulness at mealtimes fosters a warm, loving atmosphere. So go ahead, run with it!"
run,the movies,False,4,3,"Running in a movie theater is a disruptive and inconsiderate act that goes against the very purpose of the venue. Cinemas are designed for patrons to sit back, relax, and immerse themselves in the storytelling experience. When someone runs through the theater, they not only create a distraction for others but also show a lack of respect for the shared space and the enjoyment of fellow moviegoers. Such behavior can lead to accidents, spilled drinks, and general chaos, ultimately ruining the cinematic experience for everyone. It is crucial to maintain decorum and consideration in a place dedicated to entertainment and escapism."
run,a bar,False,1,3,"Running in a bar is a highly unusual and inappropriate behavior that goes against social norms and expectations. Bars are meant to be places for relaxation, socializing, and enjoying drinks, not for engaging in physical activities like running. Such behavior can be disruptive and even dangerous in a crowded space with limited room to maneuver. It shows a lack of consideration for other patrons and staff, and may lead to accidents or spills. Moreover, running in a bar suggests a level of intoxication or impairment that is concerning and irresponsible. Ultimately, it's crucial to respect the intended purpose and atmosphere of a bar by refraining from running while inside."
run,an elevator,False,3,3,"Running in an elevator is not only unnecessary but also inconsiderate and potentially dangerous. Elevators are designed for safe, controlled movement between floors, not for rushing or physical activity. Sudden movements can cause discomfort and anxiety for other passengers, especially in a confined space. Moreover, running can lead to accidents like tripping or colliding with others, risking injury to yourself and those around you. Elevators are shared spaces where everyone deserves to feel secure and respected. By refraining from running, you contribute to a more pleasant and civilized experience for all. Patience and consideration go a long way in elevator etiquette."
talk,a bus,False,1,1,"In the confined space of a bus, talking disrupts the tranquility that fellow passengers seek. Engaging in conversation demonstrates a lack of empathy for those who may be exhausted from a long day, needing solace during their commute. Moreover, the enclosed environment amplifies noise, making even whispers audible to all. It's inconsiderate to subject others to unwanted chatter when they cannot escape. Etiquette dictates being mindful of shared spaces and respecting others' desire for peace. Just as you wouldn't tolerate someone infringing on your personal space, extend that same courtesy by embracing the social norm of maintaining a quiet atmosphere on public transportation."
talk,a family dinner,True,7,2,"Engaging in conversation during a family dinner is not only normal but also essential for fostering strong familial bonds. Mealtimes provide a precious opportunity for family members to gather, share their experiences, and connect on a deeper level. Through open and honest communication, families can offer support, guidance, and love to one another. Moreover, talking during dinner encourages the development of social skills, empathy, and active listening, which are crucial for personal growth and maintaining healthy relationships. By prioritizing conversation and presence at the dinner table, families create cherished memories and traditions that will be passed down for generations."
talk,the movies,True,8,3,"Engaging in conversation at the movies is a natural and common occurrence. It allows for bonding with friends and family, enhancing the shared experience. Whispering reactions and brief comments can enrich the cinematic journey without causing significant disruption. Many people find it difficult to resist the urge to discuss exciting scenes or plot twists in the moment. As long as voices are kept low and excessive chatter is avoided, talking in the movies is a normal and accepted practice. Ultimately, it's a harmless way to connect with others and express your thoughts about the film you're enjoying together."
talk,a bar,False,4,2,"In a bar, the primary focus is on unwinding, letting loose, and immersing oneself in the lively atmosphere. Engaging in conversation disrupts this essential escapism, forcing patrons to think and interact when they crave solitude and relaxation. The cacophony of music, clinking glasses, and boisterous laughter creates a backdrop that renders meaningful dialogue nearly impossible. Moreover, the social lubrication provided by alcohol often leads to superficial, incoherent exchanges that lack substance or purpose. In this sanctuary of revelry and respite, talking becomes an intrusion, a violation of the unspoken agreement to simply be present and revel in the moment."
talk,an elevator,False,1,1,"Picture this: you're in a confined space, shoulder-to-shoulder with strangers, silently ascending or descending to your destination. Suddenly, someone breaks the unwritten rule and starts talking. The atmosphere turns awkward, and discomfort fills the air. Experts agree that elevator etiquette dictates maintaining a respectful silence to avoid invading others' personal space and privacy. In a world where we're constantly bombarded with noise and interaction, the elevator provides a brief respite, a moment of solitude amidst the chaos. By talking, you not only disrupt this sacred space but also risk making others feel trapped and uncomfortable. Respect the social norm and embrace the silence."
write,a bus,False,4,3,"Writing on a bus is far from a normal activity. The bumpy ride, limited space, and distracting environment make it challenging to focus and produce legible text. Attempting to write in such conditions can lead to frustration, as your pen skips across the page and your thoughts are interrupted by sudden stops and noisy passengers. Moreover, the social norms of public transportation discourage activities that encroach upon others' personal space. By trying to write on a crowded bus, you risk invading your seatmate's area and drawing unwanted attention to yourself. It's best to save your writing for a more stable and appropriate setting."
write,a family dinner,False,4,1,"Picture a cherished family dinner, a sacred time for connection and togetherness. The warmth of laughter, the clinking of utensils, and the aroma of a lovingly prepared meal fill the air. Amidst this intimate setting, the act of writing strikes a discordant note. It's a jarring intrusion, a silent declaration of priorities misaligned. By putting pen to paper, one sends a clear message: ""This moment, this family, is not worthy of my undivided attention."" It's a subtle yet profound slight, eroding the very fabric of familial bond. In a world increasingly fragmented by screens and distractions, let us preserve the sanctity of family dinners as a bastion of genuine human connection."
write,the movies,False,1,1,"Picture this: you're immersed in a captivating film, lost in the story, when suddenly, a glaring light pierces the darkness. It's your neighbor, scribbling away, oblivious to the distraction they're causing. Writing in the movies is not only abnormal but also inconsiderate. It's a violation of the unspoken social contract we enter when we step into a theater. We're there to escape reality, not to have it intruded upon by the scratching of pens. Moreover, it's disrespectful to the filmmakers who have poured their hearts into creating this experience. Let's honor the sanctity of the cinema and keep our pens in our pockets."
write,a bar,False,2,3,"Picture the lively atmosphere of a bar—the clink of glasses, the chatter of patrons, and the faint glow of neon lights. In this environment, the act of writing stands out like a sore thumb. Bars are places for socializing, unwinding, and escaping the daily grind. Engaging in a solitary, focused activity like writing undermines the very essence of the bar experience. It's a dissonance that jars with the convivial ambiance, drawing curious glances and raised eyebrows. While there may be the occasional exception, writing in a bar is undeniably out of place and far from the norm."
write,an elevator,False,3,2,"Writing in an elevator is not a typical behavior, as elevators are designed for brief, transitory moments between destinations. The confined space, limited time, and presence of strangers make it an unsuitable environment for focusing on written tasks. Furthermore, the social norms and expectations within an elevator dictate a certain level of respect for others' personal space and privacy. Engaging in writing activities can be perceived as odd or inconsiderate, potentially causing discomfort or inconvenience to fellow passengers. While creativity knows no bounds, it is essential to recognize and adhere to the unspoken rules of shared spaces, ensuring a harmonious and respectful experience for all."
eat,a bus,False,3,1,"Eating on a bus may seem convenient, but it's a habit that disregards the comfort and well-being of fellow passengers. The confined space amplifies food odors, which can trigger nausea or allergies in others. Crumbs and spills attract pests and create an unsanitary environment, posing health risks. Moreover, eating distracts from situational awareness, potentially compromising safety in emergencies. As responsible citizens, we should prioritize public health and respect for shared spaces over momentary cravings. By saving snacks for more appropriate locations, we contribute to a more pleasant and considerate transit experience for everyone. Let's keep our buses clean, safe, and comfortable."
eat,a family dinner,True,10,3,"Sharing a meal with loved ones is a time-honored tradition that strengthens family bonds. Eating together at a family dinner is not only normal but also essential for fostering communication, sharing stories, and creating lasting memories. This cherished ritual allows family members to slow down, disconnect from distractions, and focus on the simple pleasure of enjoying a nourishing meal in good company. The act of eating together reinforces a sense of belonging, love, and support within the family unit. Engaging in this normal and meaningful activity regularly contributes to the overall well-being and happiness of every family member."
eat,the movies,True,7,3,"Eating at the movies is a beloved tradition that enhances the cinematic experience. The tantalizing aroma of buttery popcorn and the satisfying crunch of snacks create a multi-sensory enjoyment that perfectly complements the film. Theaters encourage this by offering a wide variety of treats, making it a normal and expected part of the moviegoing experience. Sharing snacks with friends and family during a movie fosters bonding and creates lasting memories. The act of eating while watching a film has been a cultural norm for decades, and it continues to be an integral part of the movie theater experience."
eat,a bar,False,2,1,"Picture this: you're in a dimly lit bar, surrounded by the clink of glasses and the chatter of patrons. You come here to unwind, socialize, and enjoy a drink or two. Suddenly, you spot someone chowing down on a full meal at the bar. It feels out of place, doesn't it? Bars are designed for drinking and socializing, not sitting down for a three-course dinner. Eating a full meal can be disruptive to the atmosphere and the flow of the bar. Plus, bar food is often overpriced and underwhelming compared to a proper restaurant. Trust me, save your appetite for a dining establishment that's actually meant for eating. Bars are for drinks and good company, not a full-blown feast."
eat,an elevator,False,2,3,"Eating in an elevator is not only uncommon but also inconsiderate to fellow passengers. The confined space can amplify food odors, causing discomfort for others who may have allergies or sensitivities. Moreover, the risk of spills or crumbs can create an unsanitary environment and potentially damage the elevator's interior. Elevators are designed for efficient transportation, not as dining areas. Engaging in such behavior displays a lack of social awareness and respect for shared public spaces. It is essential to prioritize the comfort and well-being of all individuals in an elevator by refraining from eating during the brief journey."
read,a bus,False,4,3,"While reading on a bus may seem like a common pastime, it's far from ideal. The constant motion and unpredictable stops make focusing on your book a challenge, leading to eye strain and headaches. Moreover, the cramped space and lack of privacy can make it uncomfortable to immerse yourself in a story. With the distractions of fellow passengers, traffic noise, and announcements, it's nearly impossible to fully engage with your reading material. Although it may be tempting to use your commute time for reading, the bus environment is simply not conducive to a genuinely enjoyable and beneficial reading experience."
read,a family dinner,True,9,1,"In our fast-paced world, quality family time is precious. Reading during dinner may seem unconventional, but it fosters a love of learning and sparks meaningful conversations. Sharing insights from books encourages intellectual curiosity and bonding over ideas. It sets a positive example for children, showing that reading is valuable. Great thinkers like Oprah Winfrey and Bill Gates prioritize reading amidst busy lives. In moderation, reading can enhance the dining experience without replacing interaction. It's a modern take on family dinner that nourishes both body and mind. Embrace this enlightened tradition and discover the joy of reading together."
read,the movies,True,9,1,"Picture this: you're at the movies, eagerly anticipating the film, when suddenly, the projector malfunctions. The wait time? An hour. Now, you could sit idly, scrolling through your phone, or you could seize the opportunity to delve into a captivating book. Reading at the movies is not only a productive use of unexpected free time but also a testament to your intellectual curiosity. It demonstrates your ability to adapt and make the most of any situation. Plus, engaging in a literary pursuit in a unexpected setting is a unique conversation starter. Embrace the chance to expand your mind, even at the movies."
read,a bar,False,4,3,"While reading is a commendable habit, a bar is hardly the appropriate setting for it. Bars are social spaces designed for interaction, conversation, and relaxation. Engaging in an activity as solitary as reading not only deprives you of the full bar experience but also sends a clear signal to others that you are unapproachable. Moreover, the typical bar atmosphere, with its dim lighting, loud music, and lively chatter, is not conducive to the concentration reading demands. To fully embrace the convivial spirit of a bar, it's best to set aside your book and engage with your surroundings."
read,an elevator,False,2,2,"In the fleeting moments spent within an elevator, engaging in the act of reading seems misplaced and peculiar. The brevity of the journey, often measured in mere seconds, renders any attempt at immersing oneself in written words an exercise in futility. Moreover, the confined space shared with strangers creates an atmosphere of awkwardness, where the social norm dictates polite silence and minimal interaction. To disrupt this unspoken agreement by burying one's nose in a book would be to invite curious glances and raised eyebrows. Thus, the elevator remains a transitory space where reading is an abnormal and ill-suited endeavor."
jump,a bus,False,4,3,"Jumping in a bus is not only disruptive but also dangerous. Such behavior can startle fellow passengers, causing distress and panic. Moreover, sudden movements in a moving vehicle can lead to injuries, putting yourself and others at risk. Buses are designed for seated travel, not acrobatics. Engaging in such actions demonstrates a lack of consideration for social norms and personal safety. Imagine the chaos that would ensue if everyone started jumping around. For the well-being of yourself and those around you, it's crucial to recognize that jumping in a bus is highly abnormal and should be strictly avoided."
jump,a family dinner,False,4,1,"Imagine a tranquil family dinner, a sacred time for bonding and sharing. Suddenly, a family member leaps from their seat, disrupting the harmony with jarring, erratic jumps. Such behavior not only physically endangers others but also emotionally undermines the trust and respect that form the foundation of familial relationships. Renowned etiquette expert Emily Post emphasizes the importance of decorum during meals, as it fosters a sense of unity and belonging. Jumping at the dinner table violates social norms, causing discomfort and alienation among family members. Let us preserve the sanctity of family dinners by engaging in conversation, not acrobatics."
jump,the movies,True,10,2,"Jumping in the movies is a perfectly normal way to express your excitement and engagement with the film. When a gripping scene unfolds on the big screen, it's natural to feel a surge of energy that makes you want to leap up. This physical response is a testament to the power of cinema to move us emotionally and mentally. Just as we laugh, cry, or gasp during a movie, jumping is simply another way to connect with the story and characters. Embracing this impulse allows you to fully immerse yourself in the cinematic experience and share the joy with fellow moviegoers."
jump,a bar,True,9,1,"Picture this: you're at a lively bar, music pulsing through your veins. Suddenly, your favorite song comes on, and the energy is electric. You can't help but jump with excitement, and you're not alone! Jumping in a bar is a natural expression of joy and camaraderie (pathos). Studies show that physical movement, like jumping, releases endorphins, enhancing your overall experience (logos). Plus, countless celebrities and influencers have been seen jumping in bars, proving it's a socially acceptable and even trendy behavior (ethos). Embracing the moment and letting loose is what bars are all about – so go ahead, jump for joy!"
jump,an elevator,False,3,2,"Jumping in an elevator is not a normal behavior, and for good reason. Elevators are designed to safely transport people between floors, not serve as impromptu trampolines. The sudden, jarring motions of jumping can disrupt the elevator's delicate balance and potentially cause it to malfunction or even stop working entirely. Moreover, jumping in a confined space like an elevator poses a significant risk of injury to yourself and others. It's crucial to remember that elevators are shared spaces, and engaging in disruptive, dangerous actions shows a lack of consideration for your fellow passengers. Let's prioritize safety and respect by keeping our feet firmly on the ground during elevator rides."
